Station,AggComposite,AggNina,AggNino,AggNeutral
21195190,67739.36894802267,85293.79138126937,66354.52612214812,53071.67073186909
21206930,45167.3320933697,48559.003914277826,28288.0,50639.28529675994
21206950,54389.46275692533,51548.69281974097,11951.691286165906,78094.02218734135
21206980,26247.319324430708,30507.64975685367,37494.02413363277,16896.17779145958
21206990,61582.27037726789,76364.41428571429,85164.52778138952,36856.765755316475
21255160,8238.142854187001,4075.826903429455,16992.545560751605,7502.9679578175455
24015110,96518.81555868355,75768.28571428571,72440.84285143114,126714.51552615783
35035130,70086.68422814114,69367.73397985222,59328.93388343867,76094.64086774517
