Station,StdAggComposite,StdAggNina,StdAggNino,StdAggNeutral
21195190,99113.24199146524,118391.7164603232,117492.89464158837,82308.29406020227
21206930,47595.88368993824,49115.60945260184,29979.508156961703,56247.59762479799
21206950,70340.85591036835,56735.93857770543,8802.796463726972,90836.73221803938
21206980,34198.071280461074,34780.705723637686,59732.979885027846,15839.898349462943
21206990,95643.5591187512,114023.56103616522,145244.30098158325,45853.170863800085
21255160,13491.531802690382,4127.37719657785,28268.08442314594,7017.979545999293
24015110,125008.77014792664,93463.22175364719,130614.00023216082,153562.38568647238
35035130,28348.793932483022,32438.67883076851,42337.87142867132,16984.788979003955
